session,model,iteration,best_pairwise,pairwise_accuracy,f1,recall,precision,accuracy,tokens,token_ratio_vs_seed
20260716_181608,Opus 4.6,0,False,10.4,0.6691,0.9257,0.5238,0.5421,309,1.0
20260716_181608,Opus 4.6,1,False,29.21,0.6022,0.5545,0.6588,0.6337,1401,4.53
20260716_181608,Opus 4.6,2,False,31.19,0.6557,0.6931,0.6222,0.6361,2394,7.75
20260716_181608,Opus 4.6,3,True,33.66,0.6774,0.7277,0.6336,0.6526,2387,7.72
20260716_181608,Opus 4.6,4,False,32.18,0.6682,0.7178,0.625,0.6436,2849,9.22
20260909_054308,Inkling-Small,0,False,6.44,0.6655,0.9554,0.5106,0.5198,309,1.0
20260909_054308,Inkling-Small,1,False,11.39,0.6595,0.9109,0.5169,0.5297,689,2.23
20260909_054308,Inkling-Small,2,False,15.84,0.6568,0.8762,0.5252,0.5421,906,2.93
20260909_054308,Inkling-Small,3,False,12.87,0.6642,0.901,0.526,0.5446,1507,4.88
20260909_054308,Inkling-Small,4,False,17.33,0.6281,0.7562,0.5371,0.5533,2587,8.37
20260909_054308,Inkling-Small,5,False,14.85,0.6358,0.8168,0.5205,0.5322,898,2.91
20260909_054308,Inkling-Small,6,False,20.79,0.603,0.6985,0.5305,0.5436,1177,3.81
20260909_054308,Inkling-Small,7,False,15.84,0.588,0.6782,0.5189,0.5224,1315,4.26
20260909_054308,Inkling-Small,8,False,23.27,0.607,0.6881,0.543,0.5545,1145,3.71
20260909_054308,Inkling-Small,9,False,20.79,0.5646,0.5842,0.5463,0.5484,1317,4.26
20260909_054308,Inkling-Small,10,False,20.79,0.5688,0.6169,0.5277,0.5335,1318,4.27
20260909_054308,Inkling-Small,11,False,24.26,0.5863,0.6169,0.5586,0.5647,1394,4.51
20260909_054308,Inkling-Small,12,True,27.72,0.6275,0.695,0.572,0.5885,1492,4.83
20260909_054308,Inkling-Small,13,False,23.27,0.5736,0.5779,0.5693,0.5736,1774,5.74
20260909_054308,Inkling-Small,14,False,24.75,0.5945,0.6482,0.5489,0.5611,1677,5.43
20260909_054308,Inkling-Small,15,False,21.78,0.5721,0.592,0.5535,0.5572,2162,7.0
20260919_204729,DeepSeek,0,False,14.36,0.6667,0.896,0.5308,0.552,309,1.0
20260919_204729,DeepSeek,1,False,24.26,0.5684,0.5347,0.6067,0.5931,1270,4.11
20260919_204729,DeepSeek,4,False,22.28,0.637,0.7079,0.5789,0.5955,2412,7.81
20260919_204729,DeepSeek,5,False,28.71,0.6338,0.6683,0.6027,0.6119,3716,12.03
20260919_204729,DeepSeek,6,False,22.28,0.5637,0.5693,0.5583,0.5594,5405,17.49
20260919_204729,DeepSeek,7,False,26.73,0.6897,0.8416,0.5842,0.6213,6415,20.76
20260919_204729,DeepSeek,8,False,33.66,0.5822,0.5347,0.6391,0.6163,4450,14.4
20260919_204729,DeepSeek,9,False,30.2,0.5889,0.5495,0.6343,0.6163,5949,19.25
20260919_204729,DeepSeek,10,False,32.18,0.6077,0.582,0.6358,0.6213,7498,24.27
20260919_204729,DeepSeek,11,True,36.14,0.6412,0.6238,0.6597,0.651,4284,13.86
20260919_204729,DeepSeek,12,False,34.65,0.6292,0.6089,0.6508,0.6411,5531,17.9
20260919_204729,DeepSeek,13,False,31.68,0.5873,0.5274,0.6625,0.6294,13190,42.69
20260919_204729,DeepSeek,14,False,33.66,0.6056,0.5891,0.623,0.6163,6638,21.48
20260919_204729,DeepSeek,15,False,23.76,0.5664,0.5393,0.5963,0.5871,4069,13.17
20260922_170038,GLM-5.3,0,False,19.8,0.6533,0.8069,0.5488,0.5718,309,1.0
20260922_170038,GLM-5.3,1,False,25.74,0.627,0.6782,0.583,0.5945,1463,4.73
20260922_170038,GLM-5.3,2,False,27.23,0.6695,0.7811,0.5858,0.6144,2502,8.1
20260922_170038,GLM-5.3,3,False,28.71,0.6146,0.607,0.6224,0.6203,3442,11.14
20260922_170038,GLM-5.3,4,True,31.19,0.6283,0.6485,0.6093,0.6163,4494,14.54
20260922_170038,GLM-5.3,5,False,26.24,0.6352,0.6632,0.6095,0.6211,5709,18.48
20260922_170038,GLM-5.3,6,False,31.19,0.6276,0.615,0.6406,0.635,5014,16.23
20260922_170038,GLM-5.3,7,False,27.72,0.6298,0.6684,0.5955,0.601,6221,20.13
20260922_170038,GLM-5.3,8,False,28.71,0.6108,0.6139,0.6078,0.6079,4636,15.0
